-- phpMyAdmin SQL Dump
-- version 4.9.3
-- https://www.phpmyadmin.net/
--
-- Host: localhost:8889
-- Generation Time: Jun 20, 2020 at 07:08 AM
-- Server version: 5.7.26
-- PHP Version: 7.4.2

SET SQL_MODE = "NO_AUTO_VALUE_ON_ZERO";
SET time_zone = "+00:00";


/*!40101 SET @OLD_CHARACTER_SET_CLIENT=@@CHARACTER_SET_CLIENT */;
/*!40101 SET @OLD_CHARACTER_SET_RESULTS=@@CHARACTER_SET_RESULTS */;
/*!40101 SET @OLD_COLLATION_CONNECTION=@@COLLATION_CONNECTION */;
/*!40101 SET NAMES utf8mb4 */;

--
-- Database: `fleamarket`
--

-- --------------------------------------------------------

--
-- Table structure for table `board`
--

CREATE TABLE `board` (
  `id` int(11) NOT NULL,
  `user_id` int(11) NOT NULL,
  `buyer_id` int(11) NOT NULL,
  `product_id` int(11) NOT NULL,
  `delete_flag` tinyint(1) NOT NULL DEFAULT '0',
  `create_date` datetime NOT NULL,
  `update_date` timestamp NOT NULL DEFAULT CURRENT_TIMESTAMP ON UPDATE CURRENT_TIMESTAMP
) ENGINE=InnoDB DEFAULT CHARSET=utf8;

--
-- Dumping data for table `board`
--

INSERT INTO `board` (`id`, `user_id`, `buyer_id`, `product_id`, `delete_flag`, `create_date`, `update_date`) VALUES
(1, 1, 2, 1, 0, '2020-05-17 05:29:41', '2020-05-16 20:30:00'),
(7, 3, 2, 20, 0, '2020-05-18 05:48:43', '2020-05-17 20:48:43'),
(8, 1, 2, 2, 0, '2020-05-18 10:25:01', '2020-05-18 01:25:01'),
(9, 1, 2, 7, 0, '2020-05-18 10:25:18', '2020-05-18 01:25:18'),
(10, 1, 13, 1, 0, '2020-05-19 04:26:46', '2020-05-18 19:26:46'),
(11, 1, 13, 3, 0, '2020-05-19 04:36:16', '2020-05-18 19:36:16'),
(12, 1, 13, 2, 0, '2020-05-19 04:40:35', '2020-05-18 19:40:35'),
(13, 1, 13, 4, 0, '2020-05-19 04:42:34', '2020-05-18 19:42:34'),
(14, 1, 13, 5, 0, '2020-05-19 04:46:57', '2020-05-18 19:46:57'),
(15, 1, 14, 4, 0, '2020-05-19 05:21:32', '2020-05-18 20:21:32'),
(16, 1, 14, 2, 0, '2020-05-19 05:24:10', '2020-05-18 20:24:10'),
(17, 1, 14, 17, 0, '2020-05-19 05:27:09', '2020-05-18 20:27:09'),
(18, 1, 14, 19, 0, '2020-05-19 05:27:14', '2020-05-18 20:27:14'),
(19, 1, 14, 5, 0, '2020-05-19 05:27:22', '2020-05-18 20:27:22'),
(20, 1, 15, 1, 0, '2020-05-19 05:32:40', '2020-05-18 20:32:40'),
(21, 1, 15, 14, 0, '2020-05-19 06:01:34', '2020-05-18 21:01:34'),
(22, 15, 13, 21, 0, '2020-05-19 06:19:01', '2020-05-18 21:19:01'),
(23, 16, 17, 24, 0, '2020-05-19 07:12:55', '2020-05-18 22:12:55');

-- --------------------------------------------------------

--
-- Table structure for table `category`
--

CREATE TABLE `category` (
  `id` int(11) NOT NULL,
  `name` varchar(255) NOT NULL,
  `delete_flag` tinyint(1) NOT NULL DEFAULT '0',
  `create_date` datetime NOT NULL,
  `update_date` timestamp NOT NULL DEFAULT CURRENT_TIMESTAMP ON UPDATE CURRENT_TIMESTAMP
) ENGINE=InnoDB DEFAULT CHARSET=utf8;

--
-- Dumping data for table `category`
--

INSERT INTO `category` (`id`, `name`, `delete_flag`, `create_date`, `update_date`) VALUES
(1, '自転車', 0, '2020-05-17 05:28:21', '2020-05-16 20:28:43'),
(2, 'スポーツ', 0, '2020-05-18 05:28:21', '2020-05-16 20:28:43');

-- --------------------------------------------------------

--
-- Table structure for table `like`
--

CREATE TABLE `like` (
  `product_id` int(11) NOT NULL,
  `user_id` int(11) NOT NULL,
  `delete_flag` tinyint(1) NOT NULL DEFAULT '0',
  `create_date` datetime NOT NULL,
  `update_date` timestamp NOT NULL DEFAULT CURRENT_TIMESTAMP ON UPDATE CURRENT_TIMESTAMP
) ENGINE=InnoDB DEFAULT CHARSET=utf8;

--
-- Dumping data for table `like`
--

INSERT INTO `like` (`product_id`, `user_id`, `delete_flag`, `create_date`, `update_date`) VALUES
(20, 1, 0, '2020-05-18 11:08:06', '2020-05-18 02:08:06'),
(1, 2, 0, '2020-05-18 11:19:35', '2020-05-18 02:19:35'),
(2, 2, 0, '2020-05-18 11:19:41', '2020-05-18 02:19:41');

-- --------------------------------------------------------

--
-- Table structure for table `message`
--

CREATE TABLE `message` (
  `id` int(11) NOT NULL,
  `board_id` int(11) NOT NULL,
  `to_user` int(11) NOT NULL,
  `from_user` int(11) NOT NULL,
  `msg` varchar(255) NOT NULL,
  `send_date` datetime NOT NULL,
  `delete_flag` tinyint(1) NOT NULL DEFAULT '0',
  `create_date` datetime NOT NULL,
  `update_date` timestamp NOT NULL DEFAULT CURRENT_TIMESTAMP ON UPDATE CURRENT_TIMESTAMP
) ENGINE=InnoDB DEFAULT CHARSET=utf8;

--
-- Dumping data for table `message`
--

INSERT INTO `message` (`id`, `board_id`, `to_user`, `from_user`, `msg`, `send_date`, `delete_flag`, `create_date`, `update_date`) VALUES
(1, 1, 2, 1, 'この自転車いいですね(2)', '2020-05-17 05:30:19', 0, '2020-05-17 05:30:19', '2020-05-16 20:30:48'),
(2, 1, 2, 1, 'この自転車いいですね(2)', '2020-05-17 05:30:19', 0, '2020-05-17 05:30:19', '2020-05-16 20:30:51'),
(3, 1, 1, 2, 'すごいいいでしょう(1)', '2020-05-17 05:30:19', 0, '2020-05-17 05:30:19', '2020-05-16 20:30:51'),
(4, 1, 1, 2, 'すごいいい!(1)', '2020-05-17 05:30:19', 0, '2020-05-17 05:30:19', '2020-05-16 20:30:51'),
(5, 1, 1, 2, 'SQLカラダヨ', '2020-05-17 00:00:00', 0, '2020-05-17 00:00:00', '2020-05-16 22:16:48'),
(6, 1, 1, 2, 'こんにちは', '2020-05-17 08:31:32', 0, '2020-05-17 08:31:32', '2020-05-16 23:31:32'),
(7, 1, 1, 2, 'こんにちは', '2020-05-17 08:31:36', 0, '2020-05-17 08:31:36', '2020-05-16 23:31:36'),
(8, 1, 1, 2, 'やあ', '2020-05-17 08:31:39', 0, '2020-05-17 08:31:39', '2020-05-16 23:31:39'),
(9, 1, 2, 1, 'やあ', '2020-05-17 08:32:12', 0, '2020-05-17 08:32:12', '2020-05-16 23:32:12'),
(10, 1, 2, 1, '元気そうだね', '2020-05-17 08:32:17', 0, '2020-05-17 08:32:17', '2020-05-16 23:32:17'),
(11, 1, 2, 1, 'え？', '2020-05-17 08:32:23', 0, '2020-05-17 08:32:23', '2020-05-16 23:32:23'),
(12, 1, 2, 1, 'ああああ', '2020-05-17 08:51:55', 0, '2020-05-17 08:51:55', '2020-05-16 23:51:55'),
(13, 1, 2, 1, 'あ', '2020-05-17 08:51:58', 0, '2020-05-17 08:51:58', '2020-05-16 23:51:58'),
(14, 1, 2, 1, 'あ', '2020-05-17 08:52:00', 0, '2020-05-17 08:52:00', '2020-05-16 23:52:00'),
(15, 1, 2, 1, 'えいお', '2020-05-17 09:19:16', 0, '2020-05-17 09:19:16', '2020-05-17 00:19:16'),
(16, 1, 2, 1, 'こんにちは', '2020-05-17 10:58:49', 0, '2020-05-17 10:58:49', '2020-05-17 01:58:49'),
(17, 7, 2, 3, 'こんちゃす', '2020-05-18 05:49:17', 0, '2020-05-18 05:49:17', '2020-05-17 20:49:17'),
(18, 7, 2, 3, 'こんちゃす', '2020-05-18 05:51:56', 0, '2020-05-18 05:51:56', '2020-05-17 20:51:56'),
(19, 7, 3, 2, 'やあこんちゃす', '2020-05-18 05:52:55', 0, '2020-05-18 05:52:55', '2020-05-17 20:52:55'),
(20, 7, 3, 2, 'やあ', '2020-05-18 07:18:20', 0, '2020-05-18 07:18:20', '2020-05-17 22:18:20'),
(21, 7, 2, 3, 'ウェブカツ最高', '2020-05-18 10:20:29', 0, '2020-05-18 10:20:29', '2020-05-18 01:20:29'),
(22, 9, 2, 1, 'こんにちは', '2020-05-18 10:25:50', 0, '2020-05-18 10:25:50', '2020-05-18 01:25:50'),
(23, 22, 13, 15, 'こんにちは', '2020-05-19 06:19:07', 0, '2020-05-19 06:19:07', '2020-05-18 21:19:07');

-- --------------------------------------------------------

--
-- Table structure for table `product`
--

CREATE TABLE `product` (
  `id` int(11) NOT NULL,
  `name` varchar(255) NOT NULL,
  `category_id` int(11) NOT NULL,
  `detail` varchar(255) DEFAULT NULL,
  `price` int(11) NOT NULL,
  `img1` varchar(255) DEFAULT NULL,
  `img2` varchar(255) DEFAULT NULL,
  `img3` varchar(255) DEFAULT NULL,
  `user_id` int(11) NOT NULL,
  `buyer_id` int(11) DEFAULT NULL,
  `delete_flag` tinyint(1) NOT NULL DEFAULT '0',
  `create_date` datetime NOT NULL,
  `update_date` timestamp NOT NULL DEFAULT CURRENT_TIMESTAMP ON UPDATE CURRENT_TIMESTAMP
) ENGINE=InnoDB DEFAULT CHARSET=utf8;

--
-- Dumping data for table `product`
--

INSERT INTO `product` (`id`, `name`, `category_id`, `detail`, `price`, `img1`, `img2`, `img3`, `user_id`, `buyer_id`, `delete_flag`, `create_date`, `update_date`) VALUES
(1, '自動車', 1, 'すごいいいぜこれ', 2800, 'uploads/20200518043843_balloon.jpeg', '', '', 1, 15, 0, '2020-05-17 05:29:16', '2020-05-18 20:32:40'),
(2, '自転車', 1, 'すごい走る', 2800, 'uploads/20200517052916_sample04.jpg', '', '', 1, 14, 0, '2020-05-17 05:29:16', '2020-05-18 20:24:10'),
(3, '自転車', 1, 'すごい走る', 2800, 'uploads/20200517052916_sample04.jpg', '', '', 1, NULL, 0, '2020-05-17 05:29:16', '2020-05-16 20:29:16'),
(4, '自転車', 1, 'すごい走る', 2800, 'uploads/20200517052916_sample04.jpg', '', '', 1, 14, 0, '2020-05-17 05:29:16', '2020-05-18 20:21:32'),
(5, '自転車', 1, 'すごい走る', 2800, 'uploads/20200517052916_sample04.jpg', '', '', 1, 14, 0, '2020-05-17 05:29:16', '2020-05-18 20:27:22'),
(6, '自転車', 1, 'すごい走る', 2800, 'uploads/20200517052916_sample04.jpg', '', '', 1, NULL, 0, '2020-05-17 05:29:16', '2020-05-16 20:29:16'),
(7, '自転車', 1, 'すごい走る', 2800, 'uploads/20200517052916_sample04.jpg', '', '', 1, NULL, 0, '2020-05-17 05:29:16', '2020-05-16 20:29:16'),
(8, '自転車', 1, 'すごい走る', 2800, 'uploads/20200517052916_sample04.jpg', '', '', 1, NULL, 0, '2020-05-17 05:29:16', '2020-05-16 20:29:16'),
(9, '自転車', 1, 'すごい走る', 2800, 'uploads/20200517052916_sample04.jpg', '', '', 1, NULL, 0, '2020-05-17 05:29:16', '2020-05-16 20:29:16'),
(10, '自転車', 1, 'すごい走る', 2800, 'uploads/20200517052916_sample04.jpg', '', '', 1, NULL, 0, '2020-05-17 05:29:16', '2020-05-16 20:29:16'),
(11, '自転車', 1, 'すごい走る', 2800, 'uploads/20200517052916_sample04.jpg', '', '', 1, NULL, 0, '2020-05-17 05:29:16', '2020-05-16 20:29:16'),
(12, '自転車', 1, 'すごい走る', 2800, 'uploads/20200517052916_sample04.jpg', '', '', 1, NULL, 0, '2020-05-17 05:29:16', '2020-05-16 20:29:16'),
(13, '自転車', 1, 'すごい走る', 2800, 'uploads/20200517052916_sample04.jpg', '', '', 1, NULL, 0, '2020-05-17 05:29:16', '2020-05-16 20:29:16'),
(14, '自転車', 1, 'すごい走る', 2800, 'uploads/20200517052916_sample04.jpg', '', '', 1, 15, 0, '2020-05-17 05:29:16', '2020-05-18 21:01:34'),
(15, '自転車', 1, 'すごい走る', 2800, 'uploads/20200517052916_sample04.jpg', '', '', 1, NULL, 0, '2020-05-17 05:29:16', '2020-05-16 20:29:16'),
(16, '自転車', 1, 'すごい走る', 2800, 'uploads/20200517052916_sample04.jpg', '', '', 1, NULL, 0, '2020-05-17 05:29:16', '2020-05-16 20:29:16'),
(17, '自転車', 1, 'すごい走る', 2800, 'uploads/20200517052916_sample04.jpg', '', '', 1, 14, 0, '2020-05-17 05:29:16', '2020-05-18 20:27:09'),
(18, '自転車', 1, 'すごい走る', 2800, 'uploads/20200517052916_sample04.jpg', '', '', 1, NULL, 0, '2020-05-17 05:29:16', '2020-05-16 20:29:16'),
(19, '自転車', 1, 'すごい走る', 2800, 'uploads/20200517052916_sample04.jpg', '', '', 1, 14, 0, '2020-05-17 05:29:16', '2020-05-18 20:27:14'),
(20, 'ゴルフクラブ', 2, 'すごい飛ぶよ', 5000, 'uploads/20200518051848_sample08.jpg', '', '', 3, NULL, 0, '2020-05-18 05:18:48', '2020-05-17 20:18:48'),
(21, '焼き芋', 2, '', 2900, '', '', '', 15, 13, 0, '2020-05-19 06:17:32', '2020-05-18 21:19:01'),
(22, 'アイスクリーム', 2, '', 2900, '', '', '', 15, 1, 0, '2020-05-19 06:17:32', '2020-05-18 21:19:01'),
(23, 'アイスクリーム', 2, '', 2900, '', '', '', 15, 1, 0, '2020-05-19 06:17:32', '2020-05-18 21:19:01'),
(24, '16の商品', 1, '', 5000, '', '', '', 16, 17, 0, '2020-05-19 07:12:34', '2020-05-18 22:12:55'),
(25, '16の商品', 1, '', 5000, '', '', '', 16, 17, 0, '2020-05-19 07:12:34', '2020-05-18 22:12:55'),
(26, '16の商品', 1, '', 5000, '', '', '', 16, 17, 0, '2020-05-19 07:12:34', '2020-05-18 22:12:55'),
(27, '16の商品', 1, '', 5000, '', '', '', 16, 17, 0, '2020-05-19 07:12:34', '2020-05-18 22:12:55'),
(28, '16の商品', 1, '', 5000, '', '', '', 16, 17, 0, '2020-05-19 07:12:34', '2020-05-18 22:12:55'),
(29, '16の商品', 1, '', 5000, '', '', '', 16, 17, 0, '2020-05-19 07:12:34', '2020-05-18 22:12:55'),
(30, '16の商品', 1, '', 5000, '', '', '', 16, 17, 0, '2020-05-19 07:12:34', '2020-05-18 22:12:55'),
(31, '16の商品', 1, '', 5000, '', '', '', 16, 17, 0, '2020-05-19 07:12:34', '2020-05-18 22:12:55'),
(32, '16の商品', 1, '', 5000, '', '', '', 16, 17, 0, '2020-05-19 07:12:34', '2020-05-18 22:12:55'),
(33, '16の商品', 1, '', 5000, '', '', '', 16, 17, 0, '2020-05-19 07:12:34', '2020-05-18 22:12:55'),
(34, '16の商品', 1, '', 5000, '', '', '', 16, 17, 0, '2020-05-19 07:12:34', '2020-05-18 22:12:55'),
(35, '16の商品', 1, '', 5000, '', '', '', 16, 17, 0, '2020-05-19 07:12:34', '2020-05-18 22:12:55'),
(36, '16の商品', 1, '', 5000, '', '', '', 16, 17, 0, '2020-05-19 07:12:34', '2020-05-18 22:12:55'),
(37, '16の商品', 1, '', 5000, '', '', '', 16, 17, 0, '2020-05-19 07:12:34', '2020-05-18 22:12:55'),
(38, '16の商品', 1, '', 5000, '', '', '', 16, 17, 0, '2020-05-19 07:12:34', '2020-05-18 22:12:55'),
(39, '16の商品', 1, '', 5000, '', '', '', 16, 17, 0, '2020-05-19 07:12:34', '2020-05-18 22:12:55'),
(40, '16の商品', 1, '', 5000, '', '', '', 16, 17, 0, '2020-05-19 07:12:34', '2020-05-18 22:12:55'),
(41, '16の商品', 1, '', 5000, '', '', '', 16, 17, 0, '2020-05-19 07:12:34', '2020-05-18 22:12:55'),
(42, '16の商品', 1, '', 5000, '', '', '', 16, 17, 0, '2020-05-19 07:12:34', '2020-05-18 22:12:55'),
(43, '16の商品', 1, '', 5000, '', '', '', 16, 17, 0, '2020-05-19 07:12:34', '2020-05-18 22:12:55'),
(44, '16の商品', 1, '', 5000, '', '', '', 16, 17, 0, '2020-05-19 07:12:34', '2020-05-18 22:12:55'),
(45, '16の商品', 1, '', 5000, '', '', '', 16, 17, 0, '2020-05-19 07:12:34', '2020-05-18 22:12:55'),
(46, '16の商品', 1, '', 5000, '', '', '', 16, 17, 0, '2020-05-19 07:12:34', '2020-05-18 22:12:55'),
(47, '16の商品', 1, '', 5000, '', '', '', 16, 17, 0, '2020-05-19 07:12:34', '2020-05-18 22:12:55'),
(48, '16の商品', 1, '', 5000, '', '', '', 16, 17, 0, '2020-05-19 07:12:34', '2020-05-18 22:12:55'),
(49, '16の商品', 1, '', 5000, '', '', '', 16, 17, 0, '2020-05-19 07:12:34', '2020-05-18 22:12:55'),
(50, '16の商品', 1, '', 5000, '', '', '', 16, 17, 0, '2020-05-19 07:12:34', '2020-05-18 22:12:55'),
(51, '16の商品', 1, '', 5000, '', '', '', 16, 17, 0, '2020-05-19 07:12:34', '2020-05-18 22:12:55'),
(52, '16の商品', 1, '', 5000, '', '', '', 16, 17, 0, '2020-05-19 07:12:34', '2020-05-18 22:12:55'),
(53, '16の商品', 1, '', 5000, '', '', '', 16, 17, 0, '2020-05-19 07:12:34', '2020-05-18 22:12:55'),
(54, '16の商品', 1, '', 5000, '', '', '', 16, 17, 0, '2020-05-19 07:12:34', '2020-05-18 22:12:55'),
(55, '16の商品', 1, '', 5000, '', '', '', 16, 17, 0, '2020-05-19 07:12:34', '2020-05-18 22:12:55'),
(56, '16の商品', 1, '', 5000, '', '', '', 16, 17, 0, '2020-05-19 07:12:34', '2020-05-18 22:12:55'),
(57, '16の商品', 1, '', 5000, '', '', '', 16, 17, 0, '2020-05-19 07:12:34', '2020-05-18 22:12:55'),
(58, '16の商品', 1, '', 5000, '', '', '', 16, 17, 0, '2020-05-19 07:12:34', '2020-05-18 22:12:55'),
(59, '16の商品', 1, '', 5000, '', '', '', 16, 17, 0, '2020-05-19 07:12:34', '2020-05-18 22:12:55'),
(60, '16の商品', 1, '', 5000, '', '', '', 16, 17, 0, '2020-05-19 07:12:34', '2020-05-18 22:12:55'),
(61, '16の商品', 1, '', 5000, '', '', '', 16, 17, 0, '2020-05-19 07:12:34', '2020-05-18 22:12:55'),
(62, '16の商品', 1, '', 5000, '', '', '', 16, 17, 0, '2020-05-19 07:12:34', '2020-05-18 22:12:55'),
(63, '16の商品', 1, '', 5000, '', '', '', 16, 17, 0, '2020-05-19 07:12:34', '2020-05-18 22:12:55'),
(64, '16の商品', 1, '', 5000, '', '', '', 16, 17, 0, '2020-05-19 07:12:34', '2020-05-18 22:12:55'),
(65, '16の商品', 1, '', 5000, '', '', '', 16, 17, 0, '2020-05-19 07:12:34', '2020-05-18 22:12:55'),
(66, '16の商品', 1, '', 5000, '', '', '', 16, 17, 0, '2020-05-19 07:12:34', '2020-05-18 22:12:55'),
(67, '16の商品', 1, '', 5000, '', '', '', 16, 17, 0, '2020-05-19 07:12:34', '2020-05-18 22:12:55'),
(68, '16の商品', 1, '', 5000, '', '', '', 16, 17, 0, '2020-05-19 07:12:34', '2020-05-18 22:12:55'),
(69, '16の商品', 1, '', 5000, '', '', '', 16, 17, 0, '2020-05-19 07:12:34', '2020-05-18 22:12:55'),
(70, '16の商品', 1, '', 5000, '', '', '', 16, 17, 0, '2020-05-19 07:12:34', '2020-05-18 22:12:55'),
(71, '16の商品', 1, '', 5000, '', '', '', 16, 17, 0, '2020-05-19 07:12:34', '2020-05-18 22:12:55'),
(72, '16の商品', 1, '', 5000, '', '', '', 16, 17, 0, '2020-05-19 07:12:34', '2020-05-18 22:12:55'),
(73, '16の商品', 1, '', 5000, '', '', '', 16, 17, 0, '2020-05-19 07:12:34', '2020-05-18 22:12:55'),
(74, '16の商品', 1, '', 5000, '', '', '', 16, 17, 0, '2020-05-19 07:12:34', '2020-05-18 22:12:55'),
(75, '16の商品', 1, '', 5000, '', '', '', 16, 17, 0, '2020-05-19 07:12:34', '2020-05-18 22:12:55'),
(76, '16の商品', 1, '', 5000, '', '', '', 16, 17, 0, '2020-05-19 07:12:34', '2020-05-18 22:12:55'),
(77, '16の商品', 1, '', 5000, '', '', '', 16, 17, 0, '2020-05-19 07:12:34', '2020-05-18 22:12:55'),
(78, '16の商品', 1, '', 5000, '', '', '', 16, 17, 0, '2020-05-19 07:12:34', '2020-05-18 22:12:55'),
(79, '16の商品', 1, '', 5000, '', '', '', 16, 17, 0, '2020-05-19 07:12:34', '2020-05-18 22:12:55'),
(80, '16の商品', 1, '', 5000, '', '', '', 16, 17, 0, '2020-05-19 07:12:34', '2020-05-18 22:12:55'),
(81, '16の商品', 1, '', 5000, '', '', '', 16, 17, 0, '2020-05-19 07:12:34', '2020-05-18 22:12:55'),
(82, '16の商品', 1, '', 5000, '', '', '', 16, 17, 0, '2020-05-19 07:12:34', '2020-05-18 22:12:55'),
(83, '16の商品', 1, '', 5000, '', '', '', 16, 17, 0, '2020-05-19 07:12:34', '2020-05-18 22:12:55'),
(84, '16の商品', 1, '', 5000, '', '', '', 16, 17, 0, '2020-05-19 07:12:34', '2020-05-18 22:12:55'),
(85, '16の商品', 1, '', 5000, '', '', '', 16, 17, 0, '2020-05-19 07:12:34', '2020-05-18 22:12:55'),
(86, '16の商品', 1, '', 5000, '', '', '', 16, 17, 0, '2020-05-19 07:12:34', '2020-05-18 22:12:55'),
(87, '16の商品', 1, '', 5000, '', '', '', 16, 17, 0, '2020-05-19 07:12:34', '2020-05-18 22:12:55'),
(88, '16の商品', 1, '', 5000, '', '', '', 16, 17, 0, '2020-05-19 07:12:34', '2020-05-18 22:12:55'),
(89, '16の商品', 1, '', 5000, '', '', '', 16, 17, 0, '2020-05-19 07:12:34', '2020-05-18 22:12:55'),
(90, '16の商品', 1, '', 5000, '', '', '', 16, 17, 0, '2020-05-19 07:12:34', '2020-05-18 22:12:55'),
(91, '16の商品', 1, '', 5000, '', '', '', 16, 17, 0, '2020-05-19 07:12:34', '2020-05-18 22:12:55'),
(92, '16の商品', 1, '', 5000, '', '', '', 16, 17, 0, '2020-05-19 07:12:34', '2020-05-18 22:12:55'),
(93, '16の商品', 1, '', 5000, '', '', '', 16, 17, 0, '2020-05-19 07:12:34', '2020-05-18 22:12:55'),
(94, '16の商品', 1, '', 5000, '', '', '', 16, 17, 0, '2020-05-19 07:12:34', '2020-05-18 22:12:55'),
(95, '16の商品', 1, '', 5000, '', '', '', 16, 17, 0, '2020-05-19 07:12:34', '2020-05-18 22:12:55'),
(96, '16の商品', 1, '', 5000, '', '', '', 16, 17, 0, '2020-05-19 07:12:34', '2020-05-18 22:12:55'),
(97, '16の商品', 1, '', 5000, '', '', '', 16, 17, 0, '2020-05-19 07:12:34', '2020-05-18 22:12:55'),
(98, '16の商品', 1, '', 5000, '', '', '', 16, 17, 0, '2020-05-19 07:12:34', '2020-05-18 22:12:55'),
(99, '16の商品', 1, '', 5000, '', '', '', 16, 17, 0, '2020-05-19 07:12:34', '2020-05-18 22:12:55'),
(100, '16の商品', 1, '', 5000, '', '', '', 16, 17, 0, '2020-05-19 07:12:34', '2020-05-18 22:12:55'),
(101, '16の商品', 1, '', 5000, '', '', '', 16, 17, 0, '2020-05-19 07:12:34', '2020-05-18 22:12:55'),
(102, '16の商品', 1, '', 5000, '', '', '', 16, 17, 0, '2020-05-19 07:12:34', '2020-05-18 22:12:55'),
(103, '16の商品', 1, '', 5000, '', '', '', 16, 17, 0, '2020-05-19 07:12:34', '2020-05-18 22:12:55'),
(104, '16の商品', 1, '', 5000, '', '', '', 16, 17, 0, '2020-05-19 07:12:34', '2020-05-18 22:12:55'),
(105, '16の商品', 1, '', 5000, '', '', '', 16, 17, 0, '2020-05-19 07:12:34', '2020-05-18 22:12:55'),
(106, '16の商品', 1, '', 5000, '', '', '', 16, 17, 0, '2020-05-19 07:12:34', '2020-05-18 22:12:55'),
(107, '16の商品', 1, '', 5000, '', '', '', 16, 17, 0, '2020-05-19 07:12:34', '2020-05-18 22:12:55'),
(108, '16の商品', 1, '', 5000, '', '', '', 16, 17, 0, '2020-05-19 07:12:34', '2020-05-18 22:12:55'),
(109, '16の商品', 1, '', 5000, '', '', '', 16, 17, 0, '2020-05-19 07:12:34', '2020-05-18 22:12:55'),
(110, '16の商品', 1, '', 5000, '', '', '', 16, 17, 0, '2020-05-19 07:12:34', '2020-05-18 22:12:55'),
(111, '16の商品', 1, '', 5000, '', '', '', 16, 17, 0, '2020-05-19 07:12:34', '2020-05-18 22:12:55'),
(112, '16の商品', 1, '', 5000, '', '', '', 16, 17, 0, '2020-05-19 07:12:34', '2020-05-18 22:12:55'),
(113, '16の商品', 1, '', 5000, '', '', '', 16, 17, 0, '2020-05-19 07:12:34', '2020-05-18 22:12:55'),
(114, '16の商品', 1, '', 5000, '', '', '', 16, 17, 0, '2020-05-19 07:12:34', '2020-05-18 22:12:55'),
(115, '16の商品', 1, '', 5000, '', '', '', 16, 17, 0, '2020-05-19 07:12:34', '2020-05-18 22:12:55'),
(116, '16の商品', 1, '', 5000, '', '', '', 16, 17, 0, '2020-05-19 07:12:34', '2020-05-18 22:12:55'),
(117, '16の商品', 1, '', 5000, '', '', '', 16, 17, 0, '2020-05-19 07:12:34', '2020-05-18 22:12:55'),
(118, '16の商品', 1, '', 5000, '', '', '', 16, 17, 0, '2020-05-19 07:12:34', '2020-05-18 22:12:55'),
(119, '16の商品', 1, '', 5000, '', '', '', 16, 17, 0, '2020-05-19 07:12:34', '2020-05-18 22:12:55'),
(120, '16の商品', 1, '', 5000, '', '', '', 16, 17, 0, '2020-05-19 07:12:34', '2020-05-18 22:12:55'),
(121, '16の商品', 1, '', 5000, '', '', '', 16, 17, 0, '2020-05-19 07:12:34', '2020-05-18 22:12:55'),
(122, '16の商品', 1, '', 5000, '', '', '', 16, 17, 0, '2020-05-19 07:12:34', '2020-05-18 22:12:55'),
(123, '16の商品', 1, '', 5000, '', '', '', 16, 17, 0, '2020-05-19 07:12:34', '2020-05-18 22:12:55'),
(124, '16の商品', 1, '', 5000, '', '', '', 16, 17, 0, '2020-05-19 07:12:34', '2020-05-18 22:12:55'),
(125, '16の商品', 1, '', 5000, '', '', '', 16, 17, 0, '2020-05-19 07:12:34', '2020-05-18 22:12:55'),
(126, '16の商品', 1, '', 5000, '', '', '', 16, 17, 0, '2020-05-19 07:12:34', '2020-05-18 22:12:55'),
(127, '16の商品', 1, '', 5000, '', '', '', 16, 17, 0, '2020-05-19 07:12:34', '2020-05-18 22:12:55'),
(128, '16の商品', 1, '', 5000, '', '', '', 16, 17, 0, '2020-05-19 07:12:34', '2020-05-18 22:12:55'),
(129, '16の商品', 1, '', 5000, '', '', '', 16, 17, 0, '2020-05-19 07:12:34', '2020-05-18 22:12:55'),
(130, '16の商品', 1, '', 5000, '', '', '', 16, 17, 0, '2020-05-19 07:12:34', '2020-05-18 22:12:55'),
(131, '16の商品', 1, '', 5000, '', '', '', 16, 17, 0, '2020-05-19 07:12:34', '2020-05-18 22:12:55'),
(132, '16の商品', 1, '', 5000, '', '', '', 16, 17, 0, '2020-05-19 07:12:34', '2020-05-18 22:12:55'),
(133, '16の商品', 1, '', 5000, '', '', '', 16, 17, 0, '2020-05-19 07:12:34', '2020-05-18 22:12:55'),
(134, '16の商品', 1, '', 5000, '', '', '', 16, 17, 0, '2020-05-19 07:12:34', '2020-05-18 22:12:55'),
(135, '16の商品', 1, '', 5000, '', '', '', 16, 17, 0, '2020-05-19 07:12:34', '2020-05-18 22:12:55'),
(136, '16の商品', 1, '', 5000, '', '', '', 16, 17, 0, '2020-05-19 07:12:34', '2020-05-18 22:12:55'),
(137, '16の商品', 1, '', 5000, '', '', '', 16, 17, 0, '2020-05-19 07:12:34', '2020-05-18 22:12:55'),
(138, '16の商品', 1, '', 5000, '', '', '', 16, 17, 0, '2020-05-19 07:12:34', '2020-05-18 22:12:55'),
(139, '16の商品', 1, '', 5000, '', '', '', 16, 17, 0, '2020-05-19 07:12:34', '2020-05-18 22:12:55'),
(140, '16の商品', 1, '', 5000, '', '', '', 16, 17, 0, '2020-05-19 07:12:34', '2020-05-18 22:12:55'),
(141, '16の商品', 1, '', 5000, '', '', '', 16, 17, 0, '2020-05-19 07:12:34', '2020-05-18 22:12:55'),
(142, '16の商品', 1, '', 5000, '', '', '', 16, 17, 0, '2020-05-19 07:12:34', '2020-05-18 22:12:55'),
(143, '16の商品', 1, '', 5000, '', '', '', 16, 17, 0, '2020-05-19 07:12:34', '2020-05-18 22:12:55'),
(144, '16の商品', 1, '', 5000, '', '', '', 16, 17, 0, '2020-05-19 07:12:34', '2020-05-18 22:12:55'),
(145, '16の商品', 1, '', 5000, '', '', '', 16, 17, 0, '2020-05-19 07:12:34', '2020-05-18 22:12:55'),
(146, '16の商品', 1, '', 5000, '', '', '', 16, 17, 0, '2020-05-19 07:12:34', '2020-05-18 22:12:55'),
(147, '16の商品', 1, '', 5000, '', '', '', 16, 17, 0, '2020-05-19 07:12:34', '2020-05-18 22:12:55'),
(148, '16の商品', 1, '', 5000, '', '', '', 16, 17, 0, '2020-05-19 07:12:34', '2020-05-18 22:12:55'),
(149, '16の商品', 1, '', 5000, '', '', '', 16, 17, 0, '2020-05-19 07:12:34', '2020-05-18 22:12:55'),
(150, '16の商品', 1, '', 5000, '', '', '', 16, 17, 0, '2020-05-19 07:12:34', '2020-05-18 22:12:55'),
(151, '16の商品', 1, '', 5000, '', '', '', 16, 17, 0, '2020-05-19 07:12:34', '2020-05-18 22:12:55'),
(152, '16の商品', 1, '', 5000, '', '', '', 16, 17, 0, '2020-05-19 07:12:34', '2020-05-18 22:12:55'),
(153, '16の商品', 1, '', 5000, '', '', '', 16, 17, 0, '2020-05-19 07:12:34', '2020-05-18 22:12:55'),
(154, '16の商品', 1, '', 5000, '', '', '', 16, 17, 0, '2020-05-19 07:12:34', '2020-05-18 22:12:55'),
(155, '16の商品', 1, '', 5000, '', '', '', 16, 17, 0, '2020-05-19 07:12:34', '2020-05-18 22:12:55'),
(156, '16の商品', 1, '', 5000, '', '', '', 16, 17, 0, '2020-05-19 07:12:34', '2020-05-18 22:12:55'),
(157, '16の商品', 1, '', 5000, '', '', '', 16, 17, 0, '2020-05-19 07:12:34', '2020-05-18 22:12:55'),
(158, '16の商品', 1, '', 5000, '', '', '', 16, 17, 0, '2020-05-19 07:12:34', '2020-05-18 22:12:55'),
(159, '16の商品', 1, '', 5000, '', '', '', 16, 17, 0, '2020-05-19 07:12:34', '2020-05-18 22:12:55'),
(160, '16の商品', 1, '', 5000, '', '', '', 16, 17, 0, '2020-05-19 07:12:34', '2020-05-18 22:12:55'),
(161, '16の商品', 1, '', 5000, '', '', '', 16, 17, 0, '2020-05-19 07:12:34', '2020-05-18 22:12:55'),
(162, '16の商品', 1, '', 5000, '', '', '', 16, 17, 0, '2020-05-19 07:12:34', '2020-05-18 22:12:55'),
(163, '16の商品', 1, '', 5000, '', '', '', 16, 17, 0, '2020-05-19 07:12:34', '2020-05-18 22:12:55'),
(164, '16の商品', 1, '', 5000, '', '', '', 16, 17, 0, '2020-05-19 07:12:34', '2020-05-18 22:12:55'),
(165, '16の商品', 1, '', 5000, '', '', '', 16, 17, 0, '2020-05-19 07:12:34', '2020-05-18 22:12:55'),
(166, '16の商品', 1, '', 5000, '', '', '', 16, 17, 0, '2020-05-19 07:12:34', '2020-05-18 22:12:55'),
(167, '16の商品', 1, '', 5000, '', '', '', 16, 17, 0, '2020-05-19 07:12:34', '2020-05-18 22:12:55'),
(168, '16の商品', 1, '', 5000, '', '', '', 16, 17, 0, '2020-05-19 07:12:34', '2020-05-18 22:12:55'),
(169, '16の商品', 1, '', 5000, '', '', '', 16, 17, 0, '2020-05-19 07:12:34', '2020-05-18 22:12:55'),
(170, '16の商品', 1, '', 5000, '', '', '', 16, 17, 0, '2020-05-19 07:12:34', '2020-05-18 22:12:55'),
(171, '16の商品', 1, '', 5000, '', '', '', 16, 17, 0, '2020-05-19 07:12:34', '2020-05-18 22:12:55'),
(172, '16の商品', 1, '', 5000, '', '', '', 16, 17, 0, '2020-05-19 07:12:34', '2020-05-18 22:12:55'),
(173, '16の商品', 1, '', 5000, '', '', '', 16, 17, 0, '2020-05-19 07:12:34', '2020-05-18 22:12:55'),
(174, '16の商品', 1, '', 5000, '', '', '', 16, 17, 0, '2020-05-19 07:12:34', '2020-05-18 22:12:55'),
(175, '16の商品', 1, '', 5000, '', '', '', 16, 17, 0, '2020-05-19 07:12:34', '2020-05-18 22:12:55'),
(176, '16の商品', 1, '', 5000, '', '', '', 16, 17, 0, '2020-05-19 07:12:34', '2020-05-18 22:12:55'),
(177, '16の商品', 1, '', 5000, '', '', '', 16, 17, 0, '2020-05-19 07:12:34', '2020-05-18 22:12:55'),
(178, '16の商品', 1, '', 5000, '', '', '', 16, 17, 0, '2020-05-19 07:12:34', '2020-05-18 22:12:55'),
(179, '16の商品', 1, '', 5000, '', '', '', 16, 17, 0, '2020-05-19 07:12:34', '2020-05-18 22:12:55'),
(180, '16の商品', 1, '', 5000, '', '', '', 16, 17, 0, '2020-05-19 07:12:34', '2020-05-18 22:12:55'),
(181, '16の商品', 1, '', 5000, '', '', '', 16, 17, 0, '2020-05-19 07:12:34', '2020-05-18 22:12:55'),
(182, '16の商品', 1, '', 5000, '', '', '', 16, 17, 0, '2020-05-19 07:12:34', '2020-05-18 22:12:55'),
(183, '16の商品', 1, '', 5000, '', '', '', 16, 17, 0, '2020-05-19 07:12:34', '2020-05-18 22:12:55'),
(184, '16の商品', 1, '', 5000, '', '', '', 16, 17, 0, '2020-05-19 07:12:34', '2020-05-18 22:12:55'),
(185, '16の商品', 1, '', 5000, '', '', '', 16, 17, 0, '2020-05-19 07:12:34', '2020-05-18 22:12:55'),
(186, '16の商品', 1, '', 5000, '', '', '', 16, 17, 0, '2020-05-19 07:12:34', '2020-05-18 22:12:55'),
(187, '16の商品', 1, '', 5000, '', '', '', 16, 17, 0, '2020-05-19 07:12:34', '2020-05-18 22:12:55'),
(188, '16の商品', 1, '', 5000, '', '', '', 16, 17, 0, '2020-05-19 07:12:34', '2020-05-18 22:12:55'),
(189, '16の商品', 1, '', 5000, '', '', '', 16, 17, 0, '2020-05-19 07:12:34', '2020-05-18 22:12:55'),
(190, '16の商品', 1, '', 5000, '', '', '', 16, 17, 0, '2020-05-19 07:12:34', '2020-05-18 22:12:55'),
(191, '16の商品', 1, '', 5000, '', '', '', 16, 17, 0, '2020-05-19 07:12:34', '2020-05-18 22:12:55'),
(192, '16の商品', 1, '', 5000, '', '', '', 16, 17, 0, '2020-05-19 07:12:34', '2020-05-18 22:12:55'),
(193, '16の商品', 1, '', 5000, '', '', '', 16, 17, 0, '2020-05-19 07:12:34', '2020-05-18 22:12:55'),
(194, '16の商品', 1, '', 5000, '', '', '', 16, 17, 0, '2020-05-19 07:12:34', '2020-05-18 22:12:55'),
(195, '16の商品', 1, '', 5000, '', '', '', 16, 17, 0, '2020-05-19 07:12:34', '2020-05-18 22:12:55'),
(196, '16の商品', 1, '', 5000, '', '', '', 16, 17, 0, '2020-05-19 07:12:34', '2020-05-18 22:12:55'),
(197, '16の商品', 1, '', 5000, '', '', '', 16, 17, 0, '2020-05-19 07:12:34', '2020-05-18 22:12:55'),
(198, '16の商品', 1, '', 5000, '', '', '', 16, 17, 0, '2020-05-19 07:12:34', '2020-05-18 22:12:55'),
(199, '16の商品', 1, '', 5000, '', '', '', 16, 17, 0, '2020-05-19 07:12:34', '2020-05-18 22:12:55'),
(200, '16の商品', 1, '', 5000, '', '', '', 16, 17, 0, '2020-05-19 07:12:34', '2020-05-18 22:12:55'),
(201, '16の商品', 1, '', 5000, '', '', '', 16, 17, 0, '2020-05-19 07:12:34', '2020-05-18 22:12:55'),
(202, '16の商品', 1, '', 5000, '', '', '', 16, 17, 0, '2020-05-19 07:12:34', '2020-05-18 22:12:55'),
(203, '16の商品', 1, '', 5000, '', '', '', 16, 17, 0, '2020-05-19 07:12:34', '2020-05-18 22:12:55'),
(204, '16の商品', 1, '', 5000, '', '', '', 16, 17, 0, '2020-05-19 07:12:34', '2020-05-18 22:12:55'),
(205, '16の商品', 1, '', 5000, '', '', '', 16, 17, 0, '2020-05-19 07:12:34', '2020-05-18 22:12:55'),
(206, '16の商品', 1, '', 5000, '', '', '', 16, 17, 0, '2020-05-19 07:12:34', '2020-05-18 22:12:55'),
(207, '16の商品', 1, '', 5000, '', '', '', 16, 17, 0, '2020-05-19 07:12:34', '2020-05-18 22:12:55'),
(208, '16の商品', 1, '', 5000, '', '', '', 16, 17, 0, '2020-05-19 07:12:34', '2020-05-18 22:12:55'),
(209, '16の商品', 1, '', 5000, '', '', '', 16, 17, 0, '2020-05-19 07:12:34', '2020-05-18 22:12:55'),
(210, '16の商品', 1, '', 5000, '', '', '', 16, 17, 0, '2020-05-19 07:12:34', '2020-05-18 22:12:55'),
(211, '16の商品', 1, '', 5000, '', '', '', 16, 17, 0, '2020-05-19 07:12:34', '2020-05-18 22:12:55'),
(212, '16の商品', 1, '', 5000, '', '', '', 16, 17, 0, '2020-05-19 07:12:34', '2020-05-18 22:12:55'),
(213, '16の商品', 1, '', 5000, '', '', '', 16, 17, 0, '2020-05-19 07:12:34', '2020-05-18 22:12:55'),
(214, '16の商品', 1, '', 5000, '', '', '', 16, 17, 0, '2020-05-19 07:12:34', '2020-05-18 22:12:55'),
(215, '16の商品', 1, '', 5000, '', '', '', 16, 17, 0, '2020-05-19 07:12:34', '2020-05-18 22:12:55'),
(216, '16の商品', 1, '', 5000, '', '', '', 16, 17, 0, '2020-05-19 07:12:34', '2020-05-18 22:12:55'),
(217, '16の商品', 1, '', 5000, '', '', '', 16, 17, 0, '2020-05-19 07:12:34', '2020-05-18 22:12:55'),
(218, '16の商品', 1, '', 5000, '', '', '', 16, 17, 0, '2020-05-19 07:12:34', '2020-05-18 22:12:55'),
(219, '16の商品', 1, '', 5000, '', '', '', 16, 17, 0, '2020-05-19 07:12:34', '2020-05-18 22:12:55'),
(220, '16の商品', 1, '', 5000, '', '', '', 16, 17, 0, '2020-05-19 07:12:34', '2020-05-18 22:12:55'),
(221, '16の商品', 1, '', 5000, '', '', '', 16, 17, 0, '2020-05-19 07:12:34', '2020-05-18 22:12:55'),
(222, '16の商品', 1, '', 5000, '', '', '', 16, 17, 0, '2020-05-19 07:12:34', '2020-05-18 22:12:55'),
(223, '16の商品', 1, '', 5000, '', '', '', 16, 17, 0, '2020-05-19 07:12:34', '2020-05-18 22:12:55'),
(224, '16の商品', 1, '', 5000, '', '', '', 16, 17, 0, '2020-05-19 07:12:34', '2020-05-18 22:12:55'),
(225, '16の商品', 1, '', 5000, '', '', '', 16, 17, 0, '2020-05-19 07:12:34', '2020-05-18 22:12:55'),
(226, '16の商品', 1, '', 5000, '', '', '', 16, 17, 0, '2020-05-19 07:12:34', '2020-05-18 22:12:55'),
(227, '16の商品', 1, '', 5000, '', '', '', 16, 17, 0, '2020-05-19 07:12:34', '2020-05-18 22:12:55'),
(228, '16の商品', 1, '', 5000, '', '', '', 16, 17, 0, '2020-05-19 07:12:34', '2020-05-18 22:12:55'),
(229, '16の商品', 1, '', 5000, '', '', '', 16, 17, 0, '2020-05-19 07:12:34', '2020-05-18 22:12:55'),
(230, '16の商品', 1, '', 5000, '', '', '', 16, 17, 0, '2020-05-19 07:12:34', '2020-05-18 22:12:55'),
(231, '16の商品', 1, '', 5000, '', '', '', 16, 17, 0, '2020-05-19 07:12:34', '2020-05-18 22:12:55'),
(232, '16の商品', 1, '', 5000, '', '', '', 16, 17, 0, '2020-05-19 07:12:34', '2020-05-18 22:12:55'),
(233, '16の商品', 1, '', 5000, '', '', '', 16, 17, 0, '2020-05-19 07:12:34', '2020-05-18 22:12:55'),
(234, '16の商品', 1, '', 5000, '', '', '', 16, 17, 0, '2020-05-19 07:12:34', '2020-05-18 22:12:55'),
(235, '16の商品', 1, '', 5000, '', '', '', 16, 17, 0, '2020-05-19 07:12:34', '2020-05-18 22:12:55'),
(236, '16の商品', 1, '', 5000, '', '', '', 16, 17, 0, '2020-05-19 07:12:34', '2020-05-18 22:12:55'),
(237, '16の商品', 1, '', 5000, '', '', '', 16, 17, 0, '2020-05-19 07:12:34', '2020-05-18 22:12:55'),
(238, '16の商品', 1, '', 5000, '', '', '', 16, 17, 0, '2020-05-19 07:12:34', '2020-05-18 22:12:55'),
(239, '16の商品', 1, '', 5000, '', '', '', 16, 17, 0, '2020-05-19 07:12:34', '2020-05-18 22:12:55'),
(240, '16の商品', 1, '', 5000, '', '', '', 16, 17, 0, '2020-05-19 07:12:34', '2020-05-18 22:12:55'),
(241, '16の商品', 1, '', 5000, '', '', '', 16, 17, 0, '2020-05-19 07:12:34', '2020-05-18 22:12:55'),
(242, '16の商品', 1, '', 5000, '', '', '', 16, 17, 0, '2020-05-19 07:12:34', '2020-05-18 22:12:55'),
(243, '16の商品', 1, '', 5000, '', '', '', 16, 17, 0, '2020-05-19 07:12:34', '2020-05-18 22:12:55'),
(244, '16の商品', 1, '', 5000, '', '', '', 16, 17, 0, '2020-05-19 07:12:34', '2020-05-18 22:12:55'),
(245, '16の商品', 1, '', 5000, '', '', '', 16, 17, 0, '2020-05-19 07:12:34', '2020-05-18 22:12:55'),
(246, '16の商品', 1, '', 5000, '', '', '', 16, 17, 0, '2020-05-19 07:12:34', '2020-05-18 22:12:55'),
(247, '16の商品', 1, '', 5000, '', '', '', 16, 17, 0, '2020-05-19 07:12:34', '2020-05-18 22:12:55'),
(248, '16の商品', 1, '', 5000, '', '', '', 16, 17, 0, '2020-05-19 07:12:34', '2020-05-18 22:12:55'),
(249, '16の商品', 1, '', 5000, '', '', '', 16, 17, 0, '2020-05-19 07:12:34', '2020-05-18 22:12:55'),
(250, '16の商品', 1, '', 5000, '', '', '', 16, 17, 0, '2020-05-19 07:12:34', '2020-05-18 22:12:55'),
(251, '16の商品', 1, '', 5000, '', '', '', 16, 17, 0, '2020-05-19 07:12:34', '2020-05-18 22:12:55'),
(252, '16の商品', 1, '', 5000, '', '', '', 16, 17, 0, '2020-05-19 07:12:34', '2020-05-18 22:12:55'),
(253, '16の商品', 1, '', 5000, '', '', '', 16, 17, 0, '2020-05-19 07:12:34', '2020-05-18 22:12:55'),
(254, '16の商品', 1, '', 5000, '', '', '', 16, 17, 0, '2020-05-19 07:12:34', '2020-05-18 22:12:55'),
(255, '16の商品', 1, '', 5000, '', '', '', 16, 17, 0, '2020-05-19 07:12:34', '2020-05-18 22:12:55'),
(256, '16の商品', 1, '', 5000, '', '', '', 16, 17, 0, '2020-05-19 07:12:34', '2020-05-18 22:12:55'),
(257, '16の商品', 1, '', 5000, '', '', '', 16, 17, 0, '2020-05-19 07:12:34', '2020-05-18 22:12:55'),
(258, '16の商品', 1, '', 5000, '', '', '', 16, 17, 0, '2020-05-19 07:12:34', '2020-05-18 22:12:55'),
(259, '16の商品', 1, '', 5000, '', '', '', 16, 17, 0, '2020-05-19 07:12:34', '2020-05-18 22:12:55'),
(260, '16の商品', 1, '', 5000, '', '', '', 16, 17, 0, '2020-05-19 07:12:34', '2020-05-18 22:12:55'),
(261, '16の商品', 1, '', 5000, '', '', '', 16, 17, 0, '2020-05-19 07:12:34', '2020-05-18 22:12:55'),
(262, '16の商品', 1, '', 5000, '', '', '', 16, 17, 0, '2020-05-19 07:12:34', '2020-05-18 22:12:55'),
(263, '16の商品', 1, '', 5000, '', '', '', 16, 17, 0, '2020-05-19 07:12:34', '2020-05-18 22:12:55'),
(264, '16の商品', 1, '', 5000, '', '', '', 16, 17, 0, '2020-05-19 07:12:34', '2020-05-18 22:12:55'),
(265, '16の商品', 1, '', 5000, '', '', '', 16, 17, 0, '2020-05-19 07:12:34', '2020-05-18 22:12:55'),
(266, '16の商品', 1, '', 5000, '', '', '', 16, 17, 0, '2020-05-19 07:12:34', '2020-05-18 22:12:55'),
(267, '16の商品', 1, '', 5000, '', '', '', 16, 17, 0, '2020-05-19 07:12:34', '2020-05-18 22:12:55'),
(268, '16の商品', 1, '', 5000, '', '', '', 16, 17, 0, '2020-05-19 07:12:34', '2020-05-18 22:12:55'),
(269, '16の商品', 1, '', 5000, '', '', '', 16, 17, 0, '2020-05-19 07:12:34', '2020-05-18 22:12:55'),
(270, '16の商品', 1, '', 5000, '', '', '', 16, 17, 0, '2020-05-19 07:12:34', '2020-05-18 22:12:55'),
(271, '16の商品', 1, '', 5000, '', '', '', 16, 17, 0, '2020-05-19 07:12:34', '2020-05-18 22:12:55'),
(272, '16の商品', 1, '', 5000, '', '', '', 16, 17, 0, '2020-05-19 07:12:34', '2020-05-18 22:12:55'),
(273, '16の商品', 1, '', 5000, '', '', '', 16, 17, 0, '2020-05-19 07:12:34', '2020-05-18 22:12:55'),
(274, '16の商品', 1, '', 5000, '', '', '', 16, 17, 0, '2020-05-19 07:12:34', '2020-05-18 22:12:55'),
(275, '16の商品', 1, '', 5000, '', '', '', 16, 17, 0, '2020-05-19 07:12:34', '2020-05-18 22:12:55'),
(276, '16の商品', 1, '', 5000, '', '', '', 16, 17, 0, '2020-05-19 07:12:34', '2020-05-18 22:12:55'),
(277, '16の商品', 1, '', 5000, '', '', '', 16, 17, 0, '2020-05-19 07:12:34', '2020-05-18 22:12:55'),
(278, '16の商品', 1, '', 5000, '', '', '', 16, 17, 0, '2020-05-19 07:12:34', '2020-05-18 22:12:55'),
(279, '16の商品', 1, '', 5000, '', '', '', 16, 17, 0, '2020-05-19 07:12:34', '2020-05-18 22:12:55'),
(280, '16の商品', 1, '', 5000, '', '', '', 16, 17, 0, '2020-05-19 07:12:34', '2020-05-18 22:12:55');

-- --------------------------------------------------------

--
-- Table structure for table `users`
--

CREATE TABLE `users` (
  `id` int(11) NOT NULL,
  `username` varchar(30) DEFAULT NULL,
  `age` int(11) DEFAULT NULL,
  `tel` varchar(255) DEFAULT NULL,
  `zip1` varchar(3) DEFAULT NULL,
  `zip2` varchar(4) DEFAULT NULL,
  `addr` varchar(100) DEFAULT NULL,
  `email` varchar(40) NOT NULL,
  `password` varchar(255) NOT NULL,
  `img` varchar(255) DEFAULT NULL,
  `login_time` datetime DEFAULT NULL,
  `delete_flag` tinyint(1) NOT NULL DEFAULT '0',
  `create_date` datetime NOT NULL,
  `update_date` timestamp NOT NULL DEFAULT CURRENT_TIMESTAMP
) ENGINE=InnoDB DEFAULT CHARSET=utf8;

--
-- Dumping data for table `users`
--

INSERT INTO `users` (`id`, `username`, `age`, `tel`, `zip1`, `zip2`, `addr`, `email`, `password`, `img`, `login_time`, `delete_flag`, `create_date`, `update_date`) VALUES
(1, NULL, NULL, NULL, NULL, NULL, NULL, '1@gmail.com', 'root', 'uploads/20200518055050_avatar2.jpg', '2020-05-17 05:27:12', 0, '2020-05-17 05:27:12', '2020-05-16 20:27:12'),
(2, '', 0, '', '', '', '', '2@gmail.com', 'root', 'uploads/20200518055050_avatar2.jpg', '2020-05-17 05:27:24', 0, '2020-05-17 05:27:24', '2020-05-16 20:27:24'),
(3, '3番の人', 0, '', '', '', '', '3@gmail.com', 'root', 'uploads/20200518055127_avatar.png', '2020-05-18 05:17:43', 0, '2020-05-18 05:17:43', '2020-05-17 20:17:43'),
(8, NULL, NULL, NULL, NULL, NULL, NULL, '4@gmail.com', 'root', NULL, '2020-05-18 16:35:53', 0, '2020-05-18 16:35:53', '2020-05-18 07:35:53'),
(9, NULL, NULL, NULL, NULL, NULL, NULL, 'hori9180197@gmail.com', '$2y$10$eirCO8ucHEARMt3kmnNNNezsWlGM4WDTbGr5XEXeEU5tjeMsRtd2C', NULL, '2020-05-18 16:53:16', 1, '2020-05-18 16:53:16', '2020-05-18 07:53:16'),
(10, NULL, NULL, NULL, NULL, NULL, NULL, 'hori9180197@gmail.com', '$2y$10$2OCyghbBvK0IBCUvhIjON.ASZnito9wsxiivlgzhu.IcFJcx55ioK', NULL, '2020-05-19 03:56:42', 1, '2020-05-19 03:56:42', '2020-05-18 18:56:42'),
(11, NULL, NULL, NULL, NULL, NULL, NULL, 'hori9180197@gmail.com', '$2y$10$/z1Fmcj4AZHymoQxncVL9ezGxFVWGPqNQ3yrOP8Sp6Eh0h26XOXoK', NULL, '2020-05-19 03:57:32', 1, '2020-05-19 03:57:32', '2020-05-18 18:57:32'),
(12, NULL, NULL, NULL, NULL, NULL, NULL, 'hori9180197@gmail.com', '$2y$10$6Dp9HWUy2hSrc1Q5q5tCiOAdE7pyR351jScCZqbhQKeuQJk5kLvZa', NULL, '2020-05-19 04:14:25', 1, '2020-05-19 04:14:25', '2020-05-18 19:14:25'),
(13, NULL, NULL, NULL, NULL, NULL, NULL, 'hori9180197@gmail.com', '$2y$10$ySH2y7I8tY9naTUtqB2nGucCuCPEZRcsQJIIDoC0rFSPBhsSRDNgO', NULL, '2020-05-19 04:21:31', 0, '2020-05-19 04:21:31', '2020-05-18 19:21:31'),
(14, NULL, NULL, NULL, NULL, NULL, NULL, '5@gmail.com', '$2y$10$rYaKXhFRF.YXT3LNm9OhauRUROet9YNnYnGFGGYPoXGyOswSaWJMK', NULL, '2020-05-19 05:20:04', 0, '2020-05-19 05:20:04', '2020-05-18 20:20:04'),
(15, NULL, NULL, NULL, NULL, NULL, NULL, '6@gmail.com', '$2y$10$fPXti5S0jEGTcbN2KHQMjuQ9fJ9h6lyekK2CTb1lO7wUB61C.HHEm', NULL, '2020-05-19 05:27:40', 0, '2020-05-19 05:27:40', '2020-05-18 20:27:40'),
(16, NULL, NULL, NULL, NULL, NULL, NULL, '16@gmail.com', '$2y$10$FIbDZYRtt5FjsYRX/ak2dutrzwXm3JZW6mclSTfFYv/Kez6BIsR7i', NULL, '2020-05-19 07:12:21', 0, '2020-05-19 07:12:21', '2020-05-18 22:12:21'),
(17, NULL, NULL, NULL, NULL, NULL, NULL, '17@gmail.com', '$2y$10$kcITbF.9H0gYwjKLD9sOuOuQwdY.mtI5kkIEneQv1KWQhYH03Thd6', NULL, '2020-05-19 07:12:45', 0, '2020-05-19 07:12:45', '2020-05-18 22:12:45');

--
-- Indexes for dumped tables
--

--
-- Indexes for table `board`
--
ALTER TABLE `board`
  ADD PRIMARY KEY (`id`);

--
-- Indexes for table `category`
--
ALTER TABLE `category`
  ADD PRIMARY KEY (`id`);

--
-- Indexes for table `message`
--
ALTER TABLE `message`
  ADD PRIMARY KEY (`id`);

--
-- Indexes for table `product`
--
ALTER TABLE `product`
  ADD PRIMARY KEY (`id`);

--
-- Indexes for table `users`
--
ALTER TABLE `users`
  ADD PRIMARY KEY (`id`);

--
-- AUTO_INCREMENT for dumped tables
--

--
-- AUTO_INCREMENT for table `board`
--
ALTER TABLE `board`
  MODIFY `id` int(11) NOT NULL AUTO_INCREMENT, AUTO_INCREMENT=24;

--
-- AUTO_INCREMENT for table `category`
--
ALTER TABLE `category`
  MODIFY `id` int(11) NOT NULL AUTO_INCREMENT, AUTO_INCREMENT=3;

--
-- AUTO_INCREMENT for table `message`
--
ALTER TABLE `message`
  MODIFY `id` int(11) NOT NULL AUTO_INCREMENT, AUTO_INCREMENT=24;

--
-- AUTO_INCREMENT for table `product`
--
ALTER TABLE `product`
  MODIFY `id` int(11) NOT NULL AUTO_INCREMENT, AUTO_INCREMENT=281;

--
-- AUTO_INCREMENT for table `users`
--
ALTER TABLE `users`
  MODIFY `id` int(11) NOT NULL AUTO_INCREMENT, AUTO_INCREMENT=18;

/*!40101 SET CHARACTER_SET_CLIENT=@OLD_CHARACTER_SET_CLIENT */;
/*!40101 SET CHARACTER_SET_RESULTS=@OLD_CHARACTER_SET_RESULTS */;
/*!40101 SET COLLATION_CONNECTION=@OLD_COLLATION_CONNECTION */;
